Age,WeeklyHours,RemoteDays,CommuteTime,JobSatisfaction,SleepHours,PhysicalActivity,TeamSupport,ManagerSupport,HighStress
50,53.3,1,34.1,6.3,5.2,31.5,Medium,Medium,No
36,39.1,3,51.8,3.7,6.5,57.4,Low,Medium,No
29,47.4,3,39.5,6.9,8.1,0.0,Medium,Medium,Yes
42,40.0,5,45.3,10.0,5.8,21.4,Low,Low,No
40,33.7,1,0.0,6.5,5.7,29.2,Medium,Low,No
44,45.5,2,44.0,1.0,6.9,26.2,High,Low,No
32,43.2,2,23.6,8.5,6.9,38.3,Low,Low,No
32,51.1,4,39.6,4.6,7.2,21.1,High,Medium,Yes
45,34.3,0,34.6,10.0,6.7,67.4,Low,High,No
57,56.0,2,69.2,6.2,6.9,25.8,High,Medium,Yes
45,50.0,0,43.2,2.6,6.4,0.0,Low,Low,Yes
24,41.9,3,33.3,1.9,5.5,26.7,Medium,Medium,No
43,40.5,0,12.4,9.1,6.7,50.2,Low,Medium,No
23,38.4,3,36.8,8.2,7.5,6.5,High,Low,No
45,42.5,1,47.3,10.0,7.3,5.3,Medium,High,No
51,41.1,1,33.8,6.0,5.1,8.2,Low,Medium,No
59,44.6,5,27.4,5.9,7.1,3.5,Medium,High,No
23,40.5,5,26.4,5.2,5.9,15.4,Medium,Medium,Yes
42,49.1,4,43.0,4.7,8.2,43.2,Medium,Medium,Yes
54,42.6,2,46.4,5.2,7.1,55.5,High,Low,Yes
33,40.7,4,55.4,6.4,7.7,0.0,Medium,Medium,Yes
43,47.1,3,20.1,4.3,6.8,17.4,Low,Low,Yes
46,33.9,4,42.9,2.7,6.7,31.1,Low,High,No
48,43.7,0,33.2,6.3,8.3,29.1,Medium,High,No
49,42.1,3,33.6,4.3,7.8,63.0,Medium,High,No
37,34.9,5,41.0,1.0,6.9,0.0,Medium,Medium,No
36,33.5,1,41.1,7.1,6.6,0.0,Low,High,No
24,47.1,5,42.9,3.8,5.1,66.2,Medium,Low,Yes
58,46.8,2,19.1,7.3,7.1,40.1,High,Medium,Yes
28,42.9,3,23.8,7.3,6.7,13.6,Low,Medium,Yes
42,50.6,3,57.3,6.6,7.4,28.4,Medium,Medium,No
30,44.2,0,31.7,10.0,7.7,29.9,Medium,Medium,Yes
39,48.2,2,39.6,5.7,8.0,13.1,Medium,Low,No
25,44.1,1,50.8,5.4,7.1,27.8,Medium,Low,No
46,40.6,3,42.0,7.4,5.8,32.1,Medium,High,Yes
35,36.7,3,43.2,5.9,4.7,65.3,High,Medium,Yes
30,39.0,0,48.4,8.3,6.0,44.3,Low,Low,Yes
47,40.7,4,3.3,3.5,8.1,59.8,Medium,High,Yes
23,48.8,1,27.7,3.5,8.6,0.0,Low,High,No
41,45.8,5,42.0,7.5,6.6,18.1,Medium,Low,No
49,43.7,2,55.8,3.7,5.3,29.8,Medium,High,Yes
28,46.4,3,36.0,7.2,6.2,0.0,Medium,High,No
29,44.6,3,22.3,6.7,7.9,48.6,Low,High,No
56,43.3,5,22.7,4.6,6.2,37.8,Medium,High,No
35,34.5,1,48.3,6.7,7.4,17.7,Medium,Medium,Yes
38,47.7,4,31.7,3.5,7.0,21.3,Medium,Medium,No
57,39.7,3,34.9,4.0,7.5,50.1,Medium,Low,Yes
25,47.4,1,44.2,5.5,8.6,9.1,Medium,Low,Yes
23,47.9,5,0.0,6.2,7.4,50.9,High,Medium,Yes
27,38.6,0,65.0,5.4,6.9,20.0,Medium,Medium,No
25,46.7,4,24.0,6.9,8.7,40.1,Medium,Low,Yes
50,40.2,2,38.6,6.8,7.1,26.7,High,Medium,Yes
39,40.2,3,9.4,9.1,6.0,69.7,Low,Low,No
47,43.3,1,28.7,5.8,7.5,7.3,Low,High,No
55,43.4,0,53.7,8.4,7.2,13.5,Medium,Medium,No
31,42.2,2,6.3,7.8,6.5,0.0,Medium,Medium,No
57,35.3,1,51.9,10.0,6.3,3.1,High,Medium,No
35,41.4,1,30.9,5.7,6.5,39.3,High,Low,No
52,53.4,2,42.3,5.2,6.3,57.0,Medium,High,Yes
36,30.0,0,44.9,8.5,6.5,41.5,Medium,Medium,No
29,46.3,5,41.6,6.8,6.0,24.9,Medium,Medium,No
35,47.3,0,22.0,8.6,7.2,7.1,Medium,Low,Yes
44,35.2,4,29.5,7.4,7.1,43.0,Medium,Medium,No
42,39.7,3,13.1,1.8,7.1,6.0,Medium,Low,Yes
37,37.0,2,42.4,6.8,6.7,0.0,Medium,Medium,No
39,51.3,5,60.5,6.6,6.6,18.8,Low,Medium,Yes
45,47.5,2,7.6,6.3,8.2,0.0,Medium,High,No
47,47.8,2,23.6,5.7,6.9,0.0,Low,Medium,No
46,42.6,0,32.3,2.8,8.1,62.7,High,Low,No
50,48.6,3,37.6,7.7,5.8,0.0,Low,Low,Yes
36,42.0,4,48.2,6.7,7.4,1.2,High,Medium,Yes
22,48.8,1,32.7,8.2,6.1,26.4,Medium,Low,Yes
46,41.3,1,30.3,2.9,6.2,27.5,Medium,Low,Yes
28,38.6,2,51.5,7.0,6.4,20.3,Medium,High,No
30,51.1,3,44.9,5.5,6.3,0.0,Medium,Low,Yes
45,41.9,5,43.1,6.3,6.3,42.0,Medium,High,Yes
22,37.5,0,36.7,5.6,8.0,16.1,Medium,Low,Yes
29,37.5,3,49.7,7.1,6.8,49.4,Medium,High,No
45,37.5,3,25.2,5.7,7.0,12.1,Medium,Medium,Yes
32,46.2,0,23.1,3.9,6.3,44.6,Medium,Medium,No
38,41.5,2,46.2,6.2,7.7,50.9,Low,Low,Yes
29,53.5,3,10.6,5.6,7.2,15.7,Medium,High,No
56,47.9,1,36.4,5.8,6.5,42.6,High,High,Yes
56,43.3,0,30.3,1.0,5.2,0.0,Low,Medium,Yes
54,49.0,5,13.9,7.4,7.0,30.3,Medium,Medium,No
26,39.5,4,21.0,5.4,7.4,49.4,Medium,Medium,Yes
49,32.7,2,33.4,3.3,5.8,35.4,Medium,Low,No
28,37.1,0,50.5,7.8,6.5,73.1,Low,Medium,No
30,42.7,4,25.2,7.3,7.3,36.5,Medium,High,No
29,40.9,4,53.2,5.3,5.2,17.7,Low,Medium,No
33,46.1,5,35.9,3.7,6.2,81.8,Low,Low,Yes
55,41.4,3,54.7,6.4,7.2,57.7,Medium,Medium,No
54,45.7,5,25.9,6.2,7.9,0.0,Medium,Medium,No
44,49.5,3,34.3,7.8,9.0,9.3,High,Low,No
45,41.4,3,40.5,5.1,8.8,4.2,Low,Low,No
58,44.8,0,32.3,8.4,6.9,37.9,Medium,Low,Yes
56,33.2,0,49.3,4.9,6.3,36.4,Low,High,No
43,41.4,2,1.9,3.3,7.7,36.3,Medium,Low,No
48,35.8,3,71.3,3.7,6.3,0.0,High,Medium,Yes
56,42.7,4,47.9,5.9,6.0,12.2,High,Medium,No
22,43.2,1,32.4,5.9,6.5,22.0,Low,High,No
56,43.2,2,26.7,6.7,6.4,0.0,Medium,High,Yes
58,39.6,0,22.0,5.8,7.2,7.6,Medium,Low,Yes
35,53.5,5,44.7,8.0,6.2,52.1,Low,Medium,No
24,35.7,2,49.9,5.5,6.9,0.0,Low,High,Yes
22,35.4,2,32.6,2.0,8.4,54.1,High,Medium,Yes
26,50.3,2,51.6,5.8,6.9,46.8,High,Low,Yes
47,38.5,2,21.4,2.0,8.3,19.2,High,High,Yes
35,37.3,1,18.7,6.5,8.0,12.0,Medium,High,No
48,53.5,5,62.2,8.1,7.4,41.6,Medium,Medium,Yes
30,46.9,5,43.9,4.0,6.4,9.2,Medium,Medium,Yes
36,39.0,5,56.0,8.8,7.8,10.2,Low,Medium,No
36,43.1,3,22.2,7.7,6.6,24.5,Low,Low,Yes
47,51.7,4,21.1,8.4,6.8,0.0,Medium,High,Yes
34,45.5,5,29.6,6.4,7.1,0.0,Medium,High,No
53,48.4,2,22.6,4.0,6.8,18.7,High,High,Yes
53,46.0,2,45.6,7.6,6.1,34.5,High,Low,Yes
25,46.7,5,23.7,4.8,5.3,9.0,High,Medium,No
51,42.2,5,17.4,6.2,7.8,21.0,High,Low,No
58,42.1,2,37.1,5.7,7.4,0.0,Low,Medium,No
44,43.3,3,15.7,8.2,5.1,43.6,Medium,High,No
36,45.7,0,8.0,7.5,6.1,29.4,Medium,Low,No
50,40.6,0,37.0,5.8,7.0,31.2,Low,Medium,No
57,42.6,5,8.8,2.1,7.2,34.8,High,Medium,No
34,40.4,1,46.6,4.7,5.3,26.6,High,High,Yes
53,42.6,5,14.1,7.4,6.7,15.3,Low,High,Yes
28,35.7,5,1.4,6.6,7.3,47.6,Low,High,No
43,55.0,0,30.6,3.0,6.4,28.1,Medium,Medium,Yes
49,38.3,2,37.2,2.4,7.1,21.7,Medium,Low,Yes
23,40.2,5,42.4,6.4,6.3,24.8,High,Medium,Yes
27,37.9,2,37.6,3.9,7.7,24.4,Low,Medium,Yes
49,45.1,2,19.1,4.1,6.0,21.5,Low,Medium,Yes
49,41.0,1,45.7,7.3,5.7,33.9,Low,Medium,No
41,37.2,2,49.4,8.4,6.8,6.3,Low,Medium,No
51,45.3,0,16.9,4.5,5.4,7.7,Low,Medium,No
32,46.0,3,32.3,5.9,4.7,36.2,High,Low,No
49,41.7,3,30.9,5.9,7.9,22.1,Medium,Medium,Yes
46,38.7,4,38.3,5.7,5.8,44.4,Medium,Medium,Yes
54,53.0,5,31.9,6.1,5.5,33.2,Low,Medium,Yes
22,43.7,0,34.0,7.5,6.0,13.9,Low,Medium,No
48,35.6,2,44.6,4.7,5.9,36.5,High,Medium,Yes
34,49.1,3,18.3,2.9,6.7,48.9,Medium,High,No
24,37.7,0,46.1,9.4,5.7,33.9,Medium,High,No
27,55.7,3,52.1,8.2,7.3,38.3,Medium,Medium,Yes
29,42.4,2,59.5,3.8,7.4,21.6,Medium,Medium,No
48,47.1,3,2.8,6.3,5.5,44.9,Medium,Medium,No
30,31.6,5,32.3,8.0,6.2,13.4,Medium,Medium,Yes
58,35.6,5,5.5,7.5,6.3,31.8,High,High,No
54,48.7,4,0.0,6.9,6.6,76.4,Low,Medium,No
45,43.6,4,37.2,5.7,7.9,35.8,Medium,Medium,Yes
36,52.2,3,29.0,9.5,7.9,16.6,Low,Medium,Yes
53,44.4,0,39.5,6.4,9.3,16.5,Medium,Medium,No
53,42.7,5,42.3,5.0,4.5,23.6,High,Medium,No
45,50.6,0,53.7,7.7,5.9,42.0,Medium,Medium,Yes
33,47.1,0,35.8,6.2,8.6,27.9,Medium,Medium,No
23,41.0,3,78.9,6.7,5.0,12.0,High,Low,No
24,36.5,0,39.6,6.4,8.6,12.0,Medium,High,Yes
58,30.1,5,62.6,7.0,6.9,28.0,Low,High,No
38,39.8,2,0.0,4.0,7.0,25.8,Low,Medium,Yes
23,36.1,4,55.2,3.1,5.5,34.1,Medium,Medium,Yes
23,55.0,2,32.3,8.9,6.3,43.3,Medium,Low,No
49,38.7,0,5.8,6.5,8.5,79.5,Medium,Low,No
44,38.6,2,41.3,7.5,6.8,0.0,Medium,Medium,Yes
58,34.4,5,30.5,2.5,6.4,38.7,High,Medium,No
53,40.7,5,43.7,8.1,7.2,27.0,Low,High,No
54,38.7,0,50.2,5.0,6.6,0.0,Medium,Medium,No
22,50.7,3,12.7,4.4,7.1,50.0,Low,Medium,Yes
40,42.8,2,50.2,5.9,6.0,33.4,High,Medium,No
23,42.0,3,35.1,4.0,6.7,41.0,Low,Low,Yes
47,41.3,3,55.3,6.0,6.2,0.0,Medium,Low,Yes
53,45.9,1,31.9,5.7,5.0,20.6,Low,High,No
27,39.7,0,27.9,8.1,7.3,3.4,Medium,High,No
53,45.3,4,35.4,9.0,5.6,68.3,High,Medium,No
25,50.1,5,36.5,9.0,6.6,47.9,Medium,Medium,Yes
32,44.3,5,25.1,1.5,7.7,11.4,Medium,High,Yes
38,40.8,0,27.6,4.1,5.3,0.0,Medium,Low,No
59,37.2,4,16.6,1.5,7.4,28.9,Medium,High,Yes
45,40.6,5,28.5,3.6,6.5,46.8,High,Medium,No
26,44.8,0,45.1,4.7,5.8,0.0,Low,Medium,Yes
55,34.3,5,32.9,6.8,8.8,6.4,Medium,Medium,No
27,46.2,3,50.1,5.0,6.8,2.9,Low,Medium,No
43,43.0,2,32.2,5.0,6.2,42.3,Low,High,No
32,41.3,2,13.5,6.4,6.0,17.6,Medium,Low,No
37,38.7,5,44.0,2.6,7.7,18.4,Medium,Medium,No
54,39.6,1,24.9,4.3,6.2,28.5,Medium,Low,Yes
30,45.0,4,31.5,5.0,7.6,7.4,Medium,High,Yes
27,41.4,4,53.6,5.6,6.8,0.0,Low,Medium,No
37,39.5,4,17.6,6.2,7.9,52.4,Low,High,Yes
50,44.3,3,37.5,9.0,5.8,54.2,Medium,Medium,No
24,44.5,4,34.4,7.8,5.9,28.6,High,Low,Yes
41,35.8,2,45.5,4.5,6.5,30.0,Low,Low,Yes
57,44.9,3,47.8,5.5,6.6,50.2,Medium,Medium,Yes
40,54.5,0,39.0,5.3,6.4,28.1,Medium,Low,No
47,44.3,4,29.6,5.0,9.4,16.6,Medium,Medium,No
24,33.5,4,42.1,6.5,8.9,25.8,High,Low,No
40,42.9,0,55.0,2.3,7.1,52.9,High,Medium,No
41,32.8,4,34.6,7.8,7.2,26.1,Medium,Medium,Yes
53,57.8,0,31.0,9.4,6.6,11.6,Low,Medium,Yes
28,53.2,3,40.8,5.5,5.8,27.9,High,Medium,No
54,38.7,2,35.6,5.4,6.6,38.1,Medium,Medium,No
39,30.8,0,14.9,6.3,7.6,35.7,Low,High,No
22,37.6,1,38.6,8.0,8.1,36.1,Medium,Low,No
32,41.1,0,14.8,5.4,7.8,8.5,High,Medium,Yes
49,33.2,4,40.6,7.9,5.3,40.4,High,Medium,Yes
46,41.7,3,23.0,7.0,6.5,25.6,Low,Medium,No
44,41.1,5,35.6,10.0,5.3,10.8,Medium,Medium,Yes
52,42.6,3,40.9,5.3,8.0,40.2,High,Medium,Yes
51,43.1,5,71.8,2.0,6.4,15.9,Low,Medium,Yes
56,37.2,0,46.1,3.1,6.8,0.0,Medium,Medium,Yes
28,37.7,2,55.5,6.0,7.3,5.0,Medium,High,No
37,42.2,1,63.1,8.1,9.6,21.4,Medium,High,No
47,38.8,3,42.3,4.7,7.1,36.6,Low,Medium,No
23,46.5,4,39.3,5.5,6.6,7.7,Medium,Low,No
22,42.2,5,19.0,7.4,5.6,20.2,High,High,Yes
33,51.3,4,33.3,4.1,8.3,0.7,Medium,High,Yes
26,46.1,2,24.2,4.8,6.6,44.6,Medium,Medium,Yes
58,47.5,5,29.0,3.7,8.5,59.3,Medium,Medium,Yes
53,42.7,3,63.1,8.4,7.9,57.2,Low,High,Yes
30,42.8,0,36.7,9.1,6.3,44.3,Medium,Medium,No
56,50.7,4,21.9,2.8,5.4,42.3,Medium,Medium,No
40,40.1,2,55.6,5.7,7.1,0.0,High,Medium,No
37,44.7,3,49.3,8.8,6.2,28.5,Low,High,No
24,40.7,3,50.1,6.8,6.8,15.1,Medium,High,Yes
41,40.7,3,4.9,5.0,7.8,42.6,Medium,Medium,No
45,36.2,3,64.2,2.9,5.1,0.0,High,Medium,No
54,38.3,5,26.6,8.3,7.1,28.9,Low,Low,Yes
45,37.4,3,46.7,6.7,7.6,20.7,Low,High,Yes
32,45.0,4,72.9,3.1,7.6,47.4,Low,Medium,No
29,47.2,2,67.3,8.4,5.4,56.0,High,High,No
57,41.5,5,20.3,2.8,7.2,6.4,Low,Medium,No
59,43.1,3,13.3,5.6,8.0,7.3,Low,High,No
41,41.2,1,56.5,5.5,7.1,29.6,Low,Medium,No
56,37.9,1,37.1,9.2,6.7,59.7,Medium,Medium,Yes
46,46.3,2,27.5,5.5,7.9,26.2,Low,Low,Yes
56,45.3,0,44.3,5.5,6.1,0.0,Medium,Medium,Yes
46,32.5,0,32.6,3.3,5.3,12.9,Low,High,Yes
50,40.6,5,45.5,4.7,6.6,29.1,Medium,Medium,Yes
39,37.6,5,36.0,4.4,7.3,29.8,Medium,Medium,No
39,40.0,5,45.8,4.5,7.8,10.9,Medium,Low,No
23,38.6,0,21.6,6.0,7.3,12.5,High,High,Yes
56,41.8,1,56.4,1.1,7.6,5.4,High,Medium,No
37,40.4,0,45.5,3.0,7.8,47.8,Medium,Medium,Yes
57,40.2,4,44.7,5.8,6.5,8.3,Medium,High,Yes
54,47.5,3,18.2,6.2,6.7,15.7,Medium,Medium,No
25,44.8,5,60.5,5.5,8.1,15.1,High,Medium,No
54,38.5,1,34.8,5.9,5.6,0.0,Medium,Medium,Yes
35,39.2,2,45.9,5.2,7.2,7.7,Medium,Medium,Yes
42,44.5,2,30.2,6.0,6.1,49.6,Medium,High,No
41,44.5,3,38.9,6.9,7.9,0.8,High,High,Yes
29,39.0,1,39.5,6.9,6.8,5.7,Low,Low,Yes
28,40.8,0,0.0,4.6,6.8,0.0,Low,Medium,No
24,51.2,0,43.7,7.8,8.5,23.2,Medium,Low,Yes
38,39.1,4,64.5,6.3,5.7,62.7,Low,Low,Yes
54,51.6,4,43.1,8.5,7.0,22.3,Medium,Medium,Yes
33,47.5,0,20.6,8.9,6.6,26.3,Low,High,No
43,50.6,2,44.7,3.1,7.3,9.1,Medium,Low,No
43,38.9,5,50.9,4.3,8.7,23.8,High,Medium,Yes
51,41.2,2,42.7,7.6,6.2,49.6,Medium,High,Yes
59,39.8,4,33.9,2.7,5.6,27.9,Medium,High,Yes
59,47.6,3,31.4,8.8,6.0,67.6,Low,Medium,Yes
29,39.2,0,31.3,5.3,6.6,50.2,Low,High,No
48,45.7,4,45.5,7.2,6.9,23.3,High,Medium,No
48,45.4,4,13.9,5.8,6.9,22.9,Medium,Low,Yes
55,41.8,5,29.4,3.2,8.6,57.6,Medium,Low,Yes
42,48.5,0,58.9,8.1,8.4,27.7,High,Low,Yes
51,42.5,5,59.5,10.0,8.1,53.2,High,Medium,No
54,46.2,0,12.8,5.0,9.3,65.1,High,High,Yes
49,39.5,5,18.0,5.4,7.6,20.9,Medium,High,No
54,38.4,2,30.9,1.0,7.9,32.0,Low,Medium,No
26,45.7,3,48.4,8.7,7.6,44.6,Medium,Medium,No
40,44.2,3,7.6,7.8,7.4,40.4,Medium,Medium,Yes
25,43.2,0,34.2,2.5,7.2,40.2,Low,Medium,Yes
56,40.3,1,27.9,1.9,6.4,0.0,Medium,High,Yes
38,49.7,4,54.9,2.1,5.6,8.0,Low,Low,Yes
49,36.4,4,9.8,7.3,6.7,15.1,Medium,Low,No
51,36.1,0,36.4,7.5,7.4,49.3,Medium,Medium,Yes
50,46.7,5,29.1,4.2,6.9,0.3,Medium,Medium,No
27,46.3,1,57.0,7.0,5.7,55.5,Medium,Medium,No
56,43.8,2,44.0,6.3,6.6,40.6,High,Medium,No
58,40.6,5,26.2,5.3,6.6,48.1,Medium,Medium,No
45,44.5,5,47.8,7.9,6.7,6.4,Medium,Medium,Yes
50,50.6,0,29.2,3.6,7.3,26.4,High,Medium,No
52,54.6,0,50.0,8.3,7.5,31.0,Medium,Medium,No
56,33.7,4,31.4,4.5,6.3,30.1,High,High,No
54,39.9,0,50.8,9.6,7.8,30.9,Low,High,Yes
42,39.6,0,41.5,4.0,7.9,19.5,Medium,High,No
53,50.1,0,83.9,5.3,7.1,27.7,Low,Medium,Yes
44,30.0,4,34.2,6.1,7.5,45.7,Low,Medium,No
54,44.6,2,40.7,6.1,7.8,1.7,High,Medium,Yes
24,40.7,2,27.8,7.0,5.7,55.9,Low,High,No
39,50.2,0,35.0,3.4,7.9,44.6,Medium,Low,Yes
46,49.5,4,0.0,5.9,6.0,5.7,Medium,Medium,Yes
52,43.8,2,42.0,6.3,6.1,32.7,Medium,Medium,Yes
24,34.1,5,55.1,4.9,7.0,43.0,Medium,Medium,Yes
45,39.1,2,40.9,6.8,4.7,0.3,Medium,Medium,Yes
53,39.7,2,15.3,3.3,7.0,25.8,Low,Medium,Yes
43,35.4,4,23.0,5.3,7.8,23.4,Medium,High,No
44,47.8,5,0.0,4.5,5.2,12.1,Medium,Medium,No
23,34.7,4,49.7,5.4,7.9,26.8,Medium,High,No
48,51.8,0,19.9,8.9,6.1,13.0,Medium,Medium,Yes
23,51.8,3,34.6,8.9,7.0,52.5,High,High,Yes
47,40.1,2,32.7,8.5,6.2,12.5,Medium,Medium,Yes
38,43.6,3,57.3,5.1,7.4,40.8,Medium,Medium,No
54,41.6,4,36.3,7.8,7.8,0.0,Low,Low,No
30,46.5,4,47.1,6.2,7.4,21.8,Medium,Low,Yes
50,48.4,4,43.2,6.1,6.8,25.2,Medium,Medium,Yes
47,43.3,3,55.4,5.8,6.3,21.1,Low,Medium,No
56,44.3,4,31.4,9.5,6.7,17.1,Medium,Medium,No
46,38.9,0,63.0,8.7,7.5,11.6,Medium,Low,No
45,44.2,4,5.2,7.5,7.5,40.1,Medium,High,No
34,42.8,1,47.9,5.7,7.4,45.0,Low,High,Yes
28,37.4,3,22.0,6.1,5.5,23.4,Medium,Low,Yes
57,41.9,1,27.6,7.1,6.8,3.1,Low,Medium,Yes
41,40.1,4,43.5,5.0,6.2,60.9,High,High,No
22,39.0,0,43.4,7.9,7.5,7.4,Low,Medium,Yes
29,36.3,2,44.1,4.2,6.0,0.0,Medium,Medium,Yes
37,42.3,5,14.2,6.8,7.3,0.0,Medium,Medium,Yes
35,38.1,5,56.7,1.4,6.5,27.0,High,Low,Yes
33,39.6,4,21.5,4.9,4.9,20.7,Low,Medium,Yes
44,47.4,0,23.5,10.0,7.7,45.6,Medium,Low,Yes
36,45.2,3,44.6,8.1,6.8,37.2,Medium,Medium,Yes
49,37.1,1,30.7,9.1,8.1,30.8,Medium,Low,No
55,43.8,1,39.6,4.7,5.1,19.6,Medium,High,No
23,42.7,1,2.7,6.2,6.5,47.2,Medium,Medium,Yes
53,50.5,3,39.3,8.6,6.6,62.3,High,Low,Yes
44,48.9,5,38.3,7.3,7.1,45.2,Low,Medium,Yes
43,34.3,0,27.4,7.0,5.5,15.7,Low,Medium,No
46,46.3,3,3.9,9.3,7.3,40.6,High,Medium,Yes
43,48.3,1,31.8,3.9,8.7,17.0,Low,Medium,Yes
43,44.8,4,34.4,5.6,7.3,2.9,High,Low,No
27,40.3,2,29.5,2.5,6.9,7.0,Medium,Medium,Yes
36,54.1,3,7.5,3.8,5.4,17.8,Medium,Medium,Yes
58,45.3,3,58.9,8.1,6.0,27.1,Low,Low,Yes
54,51.9,0,25.4,4.2,6.7,66.2,Low,High,Yes
29,48.8,0,31.7,7.5,6.3,7.4,Medium,Medium,Yes
26,44.3,3,0.0,9.3,7.8,51.5,High,Medium,No
25,39.1,1,58.9,5.6,7.3,18.7,High,Medium,No
27,41.9,2,28.0,7.0,9.5,0.0,Low,Medium,No
53,40.9,0,36.5,7.5,5.8,14.9,Low,High,Yes
51,35.9,1,51.8,3.6,6.8,48.5,Low,Low,Yes
56,45.3,4,24.9,4.8,5.4,31.9,High,Low,Yes
37,49.8,0,49.4,4.0,4.6,33.1,Low,Low,Yes
34,40.5,1,4.1,4.9,7.5,51.6,Low,Low,Yes
51,52.8,1,43.3,7.4,7.3,4.3,Low,Low,Yes
40,34.2,2,58.6,4.8,5.9,4.0,Medium,Medium,No
38,47.3,2,26.3,5.9,6.9,0.0,High,Medium,Yes
40,50.4,4,51.8,3.9,6.2,42.5,Medium,High,Yes
49,41.0,1,62.5,8.5,6.3,36.2,Low,Low,Yes
47,41.1,5,31.2,4.9,6.5,39.5,Medium,Medium,Yes
58,47.2,1,29.9,9.0,5.9,1.3,Medium,High,Yes
47,44.5,2,21.5,6.1,6.1,0.0,Low,High,Yes
44,32.0,5,27.4,3.2,6.1,0.0,Low,Medium,Yes
30,37.8,0,22.8,5.7,7.2,6.5,Medium,Medium,No
33,41.9,0,21.5,3.9,4.0,56.1,Low,High,No
22,35.2,3,53.0,7.2,6.6,45.0,Low,Medium,Yes
22,39.6,2,23.2,5.5,5.7,15.8,Medium,Low,Yes
55,35.3,3,38.9,6.3,5.7,31.0,Medium,High,No
53,40.1,5,35.6,5.3,6.3,11.4,Medium,Medium,No
46,40.3,2,57.5,4.9,6.8,32.3,Medium,Low,No
22,43.8,4,27.5,4.1,6.6,2.2,Medium,Medium,Yes
37,41.5,1,40.7,7.7,5.7,40.0,Medium,Medium,No
26,44.5,4,46.9,5.7,7.5,8.0,Low,High,No
43,43.9,5,57.3,5.4,5.9,41.1,High,Low,Yes
50,47.2,2,27.2,5.6,6.1,16.5,Low,High,No
24,46.4,5,25.7,4.6,7.1,9.2,Medium,Medium,Yes
33,45.8,1,19.1,5.4,7.1,57.3,Medium,Medium,No
47,57.5,0,68.5,6.4,6.2,28.5,Medium,Low,No
37,43.7,0,55.8,3.9,3.9,18.6,High,Medium,No
58,55.0,5,34.4,4.2,5.9,40.2,Medium,High,No
43,44.1,3,64.0,8.8,7.0,0.0,High,Medium,Yes
50,41.6,2,33.5,5.3,7.5,47.1,High,Low,Yes
35,40.1,2,45.9,4.9,6.7,22.2,High,Medium,No
49,49.5,0,35.2,3.3,6.3,37.0,High,High,No
26,50.2,4,41.0,7.7,9.1,0.0,High,Low,No
51,45.0,1,39.4,3.9,6.4,17.4,Medium,Medium,No
26,47.7,4,28.6,6.0,7.4,25.1,Medium,Medium,No
33,35.6,4,51.4,2.6,5.5,45.6,Low,Medium,No
37,34.3,5,45.7,7.6,5.7,38.6,Medium,Medium,No
47,48.2,0,50.4,8.4,7.4,17.2,High,Low,Yes
47,41.4,0,39.8,7.0,7.8,31.4,Medium,High,No
42,45.7,0,21.4,2.9,6.4,50.1,High,Medium,Yes
57,38.4,5,60.6,7.7,5.0,21.0,High,Medium,Yes
54,50.3,3,31.1,4.3,6.6,18.8,Low,Medium,Yes
51,34.3,4,40.5,3.7,7.0,0.0,Low,Medium,No
58,35.1,5,44.5,5.2,6.9,19.4,Medium,High,No
44,49.2,2,40.4,5.2,6.2,0.0,Low,Medium,No
31,30.0,1,48.7,5.0,6.6,22.7,Medium,Medium,Yes
26,43.9,3,51.1,8.5,6.1,44.8,High,Medium,No
57,41.5,2,31.6,10.0,5.7,0.0,Medium,Medium,No
55,38.3,4,59.4,3.3,7.6,49.7,Medium,Medium,Yes
52,41.0,0,31.0,4.6,6.9,18.4,Low,Low,Yes
31,37.8,4,40.1,6.3,6.6,24.5,Medium,Low,Yes
40,49.7,5,29.2,5.2,6.3,15.0,Medium,High,No
53,51.0,1,24.9,6.8,6.6,0.0,Medium,Low,No
22,38.6,5,50.7,7.8,7.0,9.3,Low,Low,Yes
26,43.4,3,81.8,7.5,8.5,66.9,Medium,High,No
25,35.4,3,29.6,7.2,7.5,3.1,Low,Low,Yes
37,47.4,1,53.2,9.3,6.1,0.0,High,Medium,Yes
45,47.2,2,30.1,2.8,6.1,27.8,Low,Medium,Yes
37,40.5,2,34.8,9.0,6.0,23.3,Low,Low,Yes
23,42.1,3,61.4,5.2,6.6,18.5,Low,Medium,Yes
49,41.5,3,18.9,7.6,6.0,25.3,Medium,Low,Yes
53,33.9,0,14.9,3.9,7.3,37.9,Medium,High,No
48,49.7,2,33.7,4.2,4.2,13.3,Medium,Medium,Yes
41,38.2,1,45.0,7.3,7.3,28.9,Medium,Low,No
45,38.2,2,42.0,2.1,7.1,45.5,Medium,Low,Yes
33,41.2,0,40.4,8.0,8.1,5.1,Medium,Medium,Yes
56,47.0,5,35.5,8.5,7.7,0.0,Medium,Low,No
54,39.0,3,46.8,6.4,6.1,38.4,Low,Medium,Yes
54,32.2,3,0.0,6.3,7.6,75.1,Medium,Medium,No
58,37.6,0,23.7,4.3,6.6,24.9,Medium,High,No
33,44.1,1,33.6,7.3,4.9,29.0,High,Medium,Yes
24,52.9,3,45.6,6.7,7.0,19.1,Medium,Medium,No
22,35.7,4,57.3,4.2,6.2,56.8,Low,High,No
54,35.5,3,21.7,5.2,6.8,23.4,Low,Low,No
31,34.4,4,56.9,5.7,8.5,21.3,High,High,No
50,33.8,0,28.2,5.2,7.0,43.2,Low,High,Yes
34,48.0,0,33.1,3.3,5.8,15.3,Low,Medium,No
33,49.5,3,43.7,7.4,7.8,0.0,Low,High,Yes
52,42.9,2,32.0,5.5,7.2,42.6,Medium,Medium,Yes
23,39.7,4,51.7,6.0,5.7,13.2,Low,Medium,Yes
56,51.0,1,28.9,4.8,5.2,5.5,Medium,High,Yes
44,42.9,3,29.2,7.0,5.8,67.0,Medium,Medium,Yes
38,47.4,1,50.8,6.4,7.6,21.4,High,Medium,No
47,39.4,3,23.6,8.4,6.5,34.9,Low,Low,No
29,42.2,2,38.7,7.0,6.9,25.6,Medium,High,Yes
50,35.8,2,10.1,5.6,5.5,7.3,Medium,High,No
47,45.1,2,62.3,4.5,7.7,38.8,Medium,Medium,No
31,43.0,5,53.1,7.7,4.8,31.3,Medium,High,Yes
47,37.5,2,76.3,5.4,6.1,11.8,High,Medium,Yes
55,37.6,0,55.1,5.7,7.2,33.7,Low,Low,No
28,50.1,0,18.1,5.7,5.7,14.7,High,Medium,No
25,51.9,5,45.0,5.2,7.4,2.9,Medium,High,No
32,40.9,4,21.2,5.7,5.9,0.9,Low,Low,No
50,42.3,1,58.7,9.9,5.6,30.4,High,Low,Yes
57,44.0,3,18.5,3.9,8.1,17.3,Medium,High,Yes
46,42.7,3,17.8,4.4,7.0,55.0,Low,High,No
42,33.6,5,10.9,8.8,7.3,24.1,Low,Medium,Yes
57,44.1,0,27.7,5.3,7.8,9.3,Low,Medium,No
31,31.6,3,24.7,5.1,4.2,28.2,Medium,High,No
58,38.3,0,16.1,8.1,7.4,0.0,Low,High,No
30,44.5,4,64.8,3.2,6.0,23.3,Low,Medium,No
45,45.0,1,42.9,7.6,6.2,31.4,Low,High,Yes
56,37.9,4,41.2,6.1,7.2,28.9,Medium,High,No
56,39.7,5,58.8,6.9,6.4,51.1,High,High,No
57,39.0,2,38.8,6.9,7.4,77.0,Medium,High,No
39,41.5,2,23.8,4.7,6.8,38.4,Low,Medium,No
53,41.9,2,9.5,8.1,7.0,48.6,High,Medium,Yes
45,45.3,4,22.9,4.9,6.3,75.9,Medium,Medium,No
44,39.4,3,57.6,6.8,5.7,4.9,High,Medium,No
53,43.9,1,16.2,8.5,6.1,27.6,Medium,High,Yes
58,44.5,2,40.3,8.8,6.7,15.4,Medium,High,No
33,43.0,5,50.5,5.5,8.6,41.9,Medium,Medium,No
34,40.7,5,39.3,6.9,8.3,30.4,Low,Medium,No
44,42.9,2,41.0,5.3,6.1,8.6,Medium,Medium,Yes
46,45.8,2,44.8,10.0,6.9,25.2,High,Medium,No
56,46.2,1,40.7,7.6,6.5,45.9,High,Medium,No
51,51.1,2,59.1,6.2,6.9,0.0,High,Low,Yes
38,37.0,1,19.4,6.6,7.1,9.1,Medium,Medium,Yes
41,39.8,5,38.6,6.8,7.3,6.1,Low,Low,Yes
46,33.9,2,7.7,6.9,3.9,31.5,Low,Low,No
43,46.7,4,3.9,5.5,7.2,49.8,Medium,High,No
34,40.3,4,33.8,5.2,6.4,0.0,Medium,Medium,Yes
40,43.0,5,43.2,5.7,6.1,26.9,Low,Medium,Yes
57,39.0,1,59.5,3.7,7.6,6.5,Low,Low,Yes
33,40.4,4,71.3,7.4,8.3,45.1,Medium,Low,No
40,48.1,1,54.8,4.4,7.5,20.3,Medium,High,Yes
33,45.5,4,45.9,3.9,6.3,27.6,High,Medium,Yes
30,41.4,4,37.4,6.0,5.7,25.0,Medium,High,Yes
28,45.8,1,12.0,5.7,3.8,47.5,Medium,Medium,No
49,45.9,3,32.8,6.5,7.0,66.0,Medium,Medium,Yes
35,40.0,4,54.4,4.9,7.4,2.3,High,Medium,Yes
52,34.7,2,48.5,5.2,6.7,5.9,Medium,Medium,No
40,37.5,5,15.7,7.4,7.7,31.4,High,Medium,Yes
37,35.3,3,44.2,7.3,5.5,8.7,High,High,Yes
26,47.8,1,42.9,7.2,6.6,43.7,High,Medium,No
56,48.7,3,40.2,6.1,6.5,46.9,Medium,Medium,Yes
33,49.9,0,34.6,6.3,6.7,14.1,Low,High,Yes
46,31.9,0,45.0,6.5,8.0,9.7,Low,High,Yes
42,47.4,4,45.5,4.7,6.7,19.5,Low,Medium,No
57,53.1,4,25.4,8.9,6.5,27.1,Low,Low,Yes
44,47.6,2,41.8,8.7,5.9,31.3,Low,Medium,No
37,31.2,5,32.2,7.6,8.1,0.0,Medium,Medium,Yes
35,50.8,3,12.7,5.1,5.4,5.7,Medium,High,Yes
52,42.2,0,26.6,7.1,6.2,16.9,Medium,Medium,No
26,40.8,4,11.5,8.0,8.5,9.1,Low,Low,No
56,44.3,5,49.7,3.6,7.3,0.0,Medium,High,Yes
44,36.8,3,40.3,9.4,6.8,0.0,Medium,High,No
50,42.0,4,29.7,2.5,6.8,0.0,Medium,Low,Yes
32,50.1,4,56.3,7.4,5.9,22.7,High,High,No
39,45.1,0,36.0,8.9,6.7,16.3,Low,Medium,Yes
33,42.3,0,13.5,5.8,6.5,12.4,Low,Medium,No
30,42.4,4,28.4,5.7,7.0,40.9,Medium,High,Yes
31,36.1,1,59.5,7.3,5.3,40.9,Low,Medium,Yes
38,41.3,4,25.0,9.7,7.2,28.0,Medium,Low,Yes
59,33.8,5,39.1,5.4,7.8,27.4,Medium,Medium,Yes
28,47.1,4,46.2,4.4,6.6,7.9,Low,Medium,No
34,31.1,2,43.8,5.2,7.4,10.3,Low,Low,No
30,46.3,2,71.7,2.9,7.1,0.0,Medium,Medium,No
48,46.9,2,17.4,7.8,6.2,20.0,Medium,Medium,Yes
23,48.6,1,18.9,5.0,5.7,40.7,Medium,Medium,Yes
26,42.4,1,17.6,5.6,5.9,52.1,Low,Medium,No
50,46.6,4,30.6,7.8,7.1,20.1,Low,High,No
58,41.2,2,51.5,5.2,6.7,34.8,Low,Medium,Yes
59,36.1,1,19.5,7.5,8.1,0.0,Low,Medium,No
40,49.7,0,51.7,3.9,7.6,16.3,High,Medium,No
29,41.5,4,35.5,7.9,7.6,15.9,Low,Medium,No
22,35.0,5,18.4,6.7,7.1,54.8,Medium,High,Yes
43,39.7,3,8.7,5.8,5.8,32.9,High,Medium,Yes
38,39.9,4,12.1,6.3,7.1,34.9,Low,Medium,Yes
28,44.3,3,25.0,3.4,6.9,33.8,Medium,Medium,Yes
46,53.7,2,32.5,6.2,5.7,25.9,High,Medium,Yes
25,44.6,3,55.2,5.7,8.0,55.6,High,Low,Yes
57,43.0,2,47.0,3.5,7.9,0.0,Medium,High,No
27,54.3,0,22.4,4.7,5.7,27.9,Medium,Medium,Yes
52,46.9,3,41.1,5.7,6.2,47.6,High,Medium,Yes
40,43.3,4,59.8,4.8,6.3,0.0,Medium,Medium,No
48,39.6,2,63.1,1.2,7.4,41.8,High,Medium,No
31,43.6,4,30.3,8.2,7.3,9.8,Medium,Low,No
47,41.7,1,49.4,5.7,6.8,27.2,Medium,Medium,Yes
40,42.5,2,55.8,1.5,7.1,9.4,High,Low,No
24,48.6,3,12.4,10.0,5.5,44.2,High,Low,No
34,39.3,2,27.3,8.5,7.2,19.2,Medium,Medium,Yes
49,44.6,4,68.3,5.3,6.7,41.9,Low,Medium,No
41,46.7,0,30.5,4.3,6.1,33.7,Medium,Low,Yes
49,38.7,2,0.0,6.8,5.3,9.1,Medium,Low,Yes
29,37.9,3,33.2,6.4,6.8,35.0,Medium,High,Yes
22,41.2,1,51.9,7.1,7.2,11.7,High,High,Yes
24,39.7,5,35.1,4.3,5.1,26.3,High,Low,Yes
34,47.8,0,45.7,8.2,6.8,18.9,Medium,Medium,No
49,37.0,1,49.1,5.1,6.9,43.0,Low,Medium,Yes
46,42.3,2,29.7,7.4,6.2,35.8,Medium,Medium,No
54,54.7,4,27.2,4.4,7.2,24.4,Medium,High,Yes
59,44.1,4,37.3,10.0,6.7,11.3,Medium,Low,Yes
27,44.9,3,37.7,7.4,7.1,0.0,Medium,High,Yes
53,47.8,4,35.8,10.0,7.3,27.7,Medium,Medium,No
42,39.7,0,36.4,7.7,7.3,12.4,Low,Medium,No
37,36.6,4,23.8,4.9,7.8,0.0,Low,Medium,Yes
42,42.9,3,46.3,7.7,7.1,0.0,Medium,High,Yes
32,43.3,5,44.0,7.8,6.3,57.5,Low,Low,No
58,33.9,2,15.0,6.7,6.2,11.8,Medium,Low,Yes
57,43.9,2,29.2,7.3,5.7,46.6,Medium,Low,No
56,47.3,4,36.4,7.5,7.0,17.9,Medium,High,No
40,37.4,1,27.0,4.0,8.1,49.8,Low,Medium,Yes
41,44.2,2,44.6,3.9,6.4,48.3,High,Medium,Yes
39,46.5,5,34.0,4.4,7.2,8.5,Medium,Low,Yes
35,44.9,4,37.5,6.3,6.0,0.0,Medium,High,No
36,45.4,3,29.0,5.6,7.0,0.0,Medium,High,Yes
52,40.8,5,5.1,4.0,8.1,8.8,Low,Medium,Yes
22,36.4,4,4.2,7.6,7.5,62.8,Medium,Medium,No
24,39.8,5,43.8,6.6,5.2,16.8,High,Low,Yes
37,39.1,2,39.0,6.3,7.4,27.9,Medium,Medium,No
44,41.6,3,41.6,5.5,7.4,51.1,High,Medium,No
32,47.5,4,37.0,5.2,7.0,27.2,Medium,Low,Yes
33,35.4,0,38.2,4.3,7.5,26.5,Low,Medium,No
31,42.7,3,49.5,7.9,6.0,37.5,Low,Medium,No
53,36.7,0,41.7,4.6,6.9,30.8,Medium,High,Yes
37,38.3,5,50.6,6.4,7.9,23.0,Medium,Medium,Yes
29,44.8,1,37.6,9.3,7.8,10.6,Low,Low,Yes
59,36.1,3,30.5,5.3,7.3,26.6,High,Medium,No
33,45.7,5,37.9,7.9,5.9,46.9,Medium,Medium,Yes
45,35.2,0,22.5,7.1,5.8,60.6,Medium,Low,No
49,45.3,2,29.3,6.6,6.9,30.8,High,High,No
29,34.3,2,37.7,6.9,7.0,40.1,High,Low,Yes
49,38.9,1,37.5,5.8,6.7,30.4,Medium,Medium,No
57,51.5,3,33.4,6.1,6.0,23.3,High,Low,Yes
47,50.5,3,14.2,4.9,7.2,35.3,High,Low,No
29,39.9,3,44.5,6.1,6.9,48.8,Medium,Medium,No
49,43.9,5,47.5,4.8,7.1,7.3,Low,Low,Yes
49,48.0,1,59.7,8.0,7.4,0.0,Low,Medium,Yes
58,45.4,3,41.6,2.6,6.5,14.3,Medium,Low,No
57,40.6,5,35.0,7.0,6.3,29.2,Medium,Medium,No
48,38.3,2,19.8,6.7,7.9,42.4,High,Low,No
38,46.3,0,57.4,6.5,6.0,5.2,Medium,Low,Yes
30,47.7,5,38.7,8.0,6.3,0.0,Medium,Medium,Yes
54,50.6,2,37.9,5.4,8.0,14.8,High,High,Yes
41,33.6,2,31.2,6.5,6.3,21.1,High,Medium,No
34,35.7,0,30.2,2.6,6.7,1.8,Medium,High,Yes
49,47.8,2,45.3,5.2,6.4,9.9,Low,Low,Yes
50,34.2,1,19.7,7.7,5.0,42.3,Medium,High,No
34,48.2,0,59.4,3.3,6.7,26.6,Medium,Low,Yes
56,40.9,2,56.1,6.3,5.8,31.9,Medium,Low,Yes
27,39.4,4,29.7,4.6,7.1,17.9,Medium,Medium,Yes
39,43.0,5,22.0,5.8,7.9,9.9,High,Medium,No
26,35.3,2,4.8,4.8,4.6,17.7,Medium,High,Yes
46,46.1,1,16.2,3.5,6.4,35.0,Medium,Low,Yes
23,50.4,3,45.9,6.8,7.3,0.0,Low,High,Yes
31,46.4,2,39.7,5.9,4.6,58.0,Medium,Medium,No
51,40.8,3,42.4,7.2,8.1,36.5,Low,Medium,No
26,34.3,4,7.3,7.6,7.2,14.3,High,Low,Yes
54,34.5,2,29.1,8.5,7.9,41.3,Low,Medium,Yes
22,35.4,0,55.5,6.3,6.2,49.4,Medium,High,No
39,41.9,3,33.6,8.5,6.4,18.4,Low,Medium,No
53,42.6,4,15.9,4.0,6.6,20.7,Low,Medium,No
32,46.3,0,33.3,7.8,8.9,54.9,Medium,High,No
42,33.0,0,23.4,6.9,8.1,67.4,Medium,Medium,No
47,48.6,0,40.0,6.5,6.9,25.6,Low,Medium,No
46,45.5,0,35.3,6.9,7.1,1.8,Medium,Medium,Yes
43,40.4,2,43.1,4.1,7.4,15.6,Medium,Low,Yes
48,36.1,5,16.7,3.6,9.2,45.7,Medium,Low,Yes
34,48.2,2,28.3,9.4,7.2,4.4,Low,Medium,No
54,40.5,2,51.4,5.7,6.8,20.8,Medium,Medium,No
55,41.9,4,14.7,5.6,6.5,30.9,Low,Medium,No
56,43.9,4,20.0,3.8,7.0,6.5,Medium,Low,Yes
22,37.4,5,38.0,3.0,6.2,46.9,Low,High,Yes
42,40.6,4,39.3,5.8,7.3,38.9,Medium,Low,Yes
27,46.3,1,27.7,5.3,5.4,65.2,Low,Medium,Yes
49,45.8,5,30.8,6.0,6.5,40.6,High,Medium,No
38,45.9,4,43.0,6.2,7.5,5.8,Medium,Low,No
26,36.2,5,47.7,10.0,7.2,35.6,Low,Low,Yes
52,40.8,2,19.0,5.3,6.3,44.8,Low,High,Yes
26,40.0,2,40.5,9.2,6.6,45.8,High,High,No
59,44.1,5,57.7,9.3,7.8,9.5,Medium,Medium,Yes
24,43.7,1,33.3,7.5,5.6,7.1,Medium,Medium,No
44,42.8,1,18.8,5.5,5.6,2.2,High,Medium,Yes
58,54.3,5,18.1,3.3,5.9,57.1,High,Low,Yes
58,40.5,4,32.6,7.0,6.8,37.5,Medium,Medium,Yes
31,40.0,3,50.5,8.0,5.4,8.6,Low,High,Yes
31,36.2,1,34.4,9.5,7.8,27.5,High,Medium,No
40,34.3,0,37.8,4.1,5.9,22.5,Low,High,Yes
38,35.9,2,20.1,5.5,7.0,5.5,Medium,Low,Yes
42,38.4,5,49.7,4.1,6.2,25.7,Medium,Medium,Yes
35,48.6,0,17.8,4.7,6.7,28.8,Medium,Medium,Yes
30,42.2,5,27.4,7.3,5.2,63.6,Medium,Medium,Yes
22,43.0,2,44.4,4.6,7.8,11.9,Medium,Medium,Yes
34,41.5,2,4.4,4.4,5.8,0.0,High,Medium,No
25,43.8,1,37.6,7.6,5.7,4.0,Low,Medium,No
22,49.0,1,19.4,6.9,9.2,7.1,Medium,Medium,Yes
53,32.0,0,35.2,6.7,7.4,16.5,Medium,Medium,Yes
55,48.1,5,29.7,4.7,7.8,4.1,High,High,Yes
49,30.0,2,66.6,8.6,7.3,41.4,Low,Medium,Yes
52,42.1,0,29.1,6.0,6.3,2.7,Low,Medium,No
29,53.0,3,62.6,10.0,5.5,25.4,Low,Low,No
47,45.4,0,43.8,6.3,6.5,65.0,Low,Low,No
55,43.9,4,23.0,1.3,5.8,36.1,High,Medium,Yes
24,52.0,0,40.0,1.2,5.9,34.0,Medium,Medium,Yes
33,38.5,4,30.4,7.2,5.2,62.1,Medium,Medium,No
22,44.2,4,38.6,8.6,6.9,49.9,Medium,Medium,Yes
26,44.9,4,24.3,4.4,8.4,36.3,Medium,Low,Yes
51,39.4,3,60.4,10.0,7.4,18.8,Low,Medium,No
51,39.8,0,48.9,9.3,6.7,24.5,Medium,Medium,No
38,39.3,0,35.5,6.4,6.8,23.6,Medium,Medium,No
44,42.4,3,60.9,7.1,3.8,17.0,Low,Low,Yes
36,44.7,2,36.1,7.8,6.4,29.2,Medium,Low,Yes
58,42.6,1,51.5,9.8,5.4,32.0,Medium,High,Yes
42,45.5,0,35.6,7.4,6.9,0.1,Low,Low,No
35,32.2,1,40.9,6.4,6.5,57.6,Low,Low,Yes
23,40.9,5,33.8,7.3,5.9,33.2,Medium,Low,No
32,36.9,5,36.4,7.1,6.9,19.7,Low,Medium,No
59,43.5,3,37.6,7.8,6.9,29.4,High,Medium,No
55,43.4,5,25.0,2.9,8.3,43.6,Low,Medium,Yes
59,41.4,5,29.0,6.6,7.5,0.0,Medium,Medium,Yes
55,44.6,2,31.7,6.9,7.0,22.9,High,Medium,No
39,47.0,2,38.4,5.9,5.9,1.3,High,Low,No
51,41.7,2,34.5,7.6,5.7,78.1,High,High,No
36,36.7,5,52.6,9.8,7.4,27.8,Low,Medium,Yes
48,34.1,3,47.7,6.3,6.6,1.4,Medium,Medium,No
55,42.2,4,32.1,7.4,7.0,97.0,Medium,Low,No
59,43.2,4,55.7,9.2,7.8,14.3,Low,Low,Yes
54,37.2,1,63.1,6.3,5.3,20.8,Low,Medium,No
45,45.6,4,4.3,4.2,8.2,22.3,High,Medium,No
36,39.7,4,49.0,7.2,7.8,8.0,Medium,Low,Yes
51,33.7,2,24.6,1.6,4.7,29.9,Medium,High,Yes
38,48.3,2,47.0,1.4,9.2,0.0,High,High,No
26,47.7,5,53.6,6.7,7.1,46.7,Medium,Medium,Yes
50,31.9,1,21.8,1.3,6.3,2.4,Medium,High,No
25,39.2,0,7.2,3.4,7.3,16.7,Medium,Low,No
31,39.0,1,47.5,5.2,5.8,40.0,Low,Low,No
38,50.2,1,37.0,4.6,7.3,20.9,Medium,Low,No
31,41.5,3,10.0,5.7,6.0,21.7,High,Medium,Yes
38,34.5,5,72.9,8.2,8.8,4.8,High,Low,Yes
41,46.4,3,44.4,6.5,6.9,66.9,High,High,No
45,35.8,1,45.1,4.3,7.4,35.6,Medium,Low,Yes
26,40.7,1,55.5,8.7,6.0,3.3,High,Medium,No
55,38.2,1,26.3,3.1,7.6,28.6,Low,High,No
27,39.2,4,37.0,6.4,6.8,1.9,Low,Low,Yes
23,46.7,3,15.2,2.9,5.4,59.4,Medium,Low,Yes
34,49.6,1,25.9,6.5,6.6,29.0,Medium,Medium,No
32,35.6,2,40.8,5.4,8.7,5.5,Low,Medium,No
44,45.1,5,10.0,8.2,7.7,39.0,Medium,Low,Yes
37,38.3,5,25.5,7.4,6.4,19.4,Low,Medium,No
52,38.5,2,21.1,4.8,4.9,0.0,Medium,Medium,No
32,44.5,5,37.1,4.4,6.0,32.6,Medium,High,No
37,36.9,4,43.6,5.4,5.4,32.1,Medium,High,Yes
29,44.4,4,46.1,9.8,5.0,47.8,Low,Medium,Yes
25,45.7,0,50.0,9.2,7.6,26.3,Medium,Medium,No
25,39.8,0,55.6,4.1,6.9,27.1,Medium,Medium,No
46,48.6,0,44.1,7.6,8.6,28.2,Medium,High,Yes
24,35.6,5,63.3,2.5,5.8,56.9,Medium,Low,No
53,48.7,4,36.8,5.1,6.8,18.8,Medium,Medium,No
24,32.3,4,32.4,4.1,5.4,34.4,High,Medium,Yes
48,55.5,4,44.1,8.1,6.2,37.3,Low,High,Yes
50,40.0,2,31.8,3.4,6.6,32.0,Medium,Low,No
53,36.2,4,62.8,6.9,6.4,18.0,Medium,Low,Yes
40,40.8,2,52.0,6.0,6.9,27.4,Medium,Low,Yes
42,36.8,0,46.3,5.6,7.8,23.1,Low,Low,No
26,43.9,0,37.0,9.3,7.7,64.2,Low,Medium,Yes
39,48.8,5,28.9,9.5,6.0,15.8,Low,Medium,Yes
49,37.0,0,45.5,5.7,6.8,6.7,High,Medium,No
43,44.9,5,18.1,5.3,7.6,24.9,Medium,Low,No
42,34.3,1,58.0,3.0,7.8,23.5,Medium,Low,No
27,47.2,1,32.3,6.0,6.1,28.9,High,Low,No
22,44.1,3,39.6,9.9,7.5,15.9,Low,Medium,Yes
26,47.4,5,21.4,5.7,7.1,27.2,High,High,Yes
33,41.4,3,45.8,7.5,5.7,27.6,Medium,Low,Yes
47,39.8,3,28.2,3.2,7.6,43.1,Medium,Low,Yes
55,46.1,1,44.7,5.1,7.0,26.9,High,Medium,No
35,35.5,5,46.4,6.9,5.1,27.0,High,Medium,No
47,33.3,1,25.3,6.2,6.5,35.3,High,Medium,No
48,42.0,3,18.1,7.6,6.8,42.4,Low,High,Yes
30,40.1,5,58.0,4.8,6.2,5.3,High,Low,Yes
47,44.8,3,32.1,2.5,8.0,0.0,High,Medium,No
43,47.5,4,38.4,8.2,8.1,58.9,Medium,Medium,Yes
51,44.7,5,42.3,4.1,6.4,39.1,Low,Medium,Yes
38,47.1,5,16.2,7.0,6.3,20.6,Low,High,No
47,43.6,3,41.9,6.9,6.7,25.4,High,Low,Yes
57,44.5,4,36.5,2.7,6.6,17.1,Medium,Medium,Yes
22,41.4,2,25.3,8.1,6.2,29.2,Medium,Medium,No
29,44.3,1,17.7,4.9,3.1,5.6,Low,Medium,Yes
56,42.8,3,44.1,6.1,8.6,41.8,Low,High,No
36,43.6,5,51.9,5.3,6.8,28.5,Medium,High,Yes
43,41.2,1,37.7,9.2,6.6,29.2,Medium,High,Yes
35,46.0,1,13.5,8.7,7.1,7.1,High,Medium,Yes
47,38.4,1,19.1,2.4,6.7,35.5,Medium,Low,No
49,41.9,2,28.5,10.0,6.4,7.6,Medium,Medium,No
44,48.6,0,58.5,4.6,5.8,11.2,Low,Medium,No
35,37.3,3,31.3,10.0,5.0,26.8,Low,Low,Yes
45,31.2,0,28.0,5.5,5.4,75.1,Medium,Medium,No
23,43.8,0,9.9,5.3,5.7,28.4,Medium,High,Yes
47,40.7,0,25.1,5.5,7.5,0.0,Low,Medium,Yes
35,47.1,1,16.5,5.2,7.5,12.1,High,Medium,Yes
28,41.3,4,20.0,10.0,5.9,38.7,Medium,High,Yes
24,39.0,1,36.8,5.8,4.1,2.4,Low,Low,Yes
44,41.6,1,29.0,5.4,6.8,41.6,Low,Low,Yes
39,47.5,5,60.5,6.2,6.4,28.2,Low,Medium,Yes
59,44.9,5,51.2,4.1,6.4,44.8,High,Medium,Yes
56,30.0,0,25.9,9.2,7.8,13.8,Low,Medium,No
36,42.9,1,21.2,3.1,6.9,12.3,Medium,Low,No
46,43.2,0,55.7,4.8,5.8,36.3,Medium,Medium,No
58,41.9,5,59.9,7.9,5.6,24.8,Low,Low,Yes
49,38.9,4,2.1,6.1,6.5,23.6,Low,High,Yes
31,48.0,3,36.4,7.1,5.9,56.4,Low,Medium,Yes
38,48.2,0,31.2,9.1,6.7,37.1,Medium,Medium,No
43,31.0,4,44.7,8.0,7.8,0.0,Low,Low,Yes
47,38.0,3,64.1,6.3,5.4,41.0,Low,Low,No
46,41.3,2,27.7,10.0,6.9,39.0,High,Medium,No
38,46.7,0,4.1,4.7,7.7,48.7,Low,Low,Yes
34,42.2,0,43.7,5.8,6.7,6.2,Medium,Medium,Yes
41,38.6,2,55.8,5.9,7.5,31.5,Medium,Medium,Yes
46,45.5,2,30.4,5.8,6.5,27.2,Medium,High,No
25,40.9,0,24.4,3.9,7.0,5.8,Medium,Medium,Yes
31,41.4,2,28.4,2.8,7.2,43.9,Low,Medium,Yes
24,41.9,1,47.8,6.8,6.2,20.2,Medium,Low,No
39,44.9,3,28.2,4.7,8.8,48.1,Medium,Medium,No
57,40.5,3,39.9,9.8,7.4,10.1,Medium,Medium,No
43,45.4,3,35.4,5.9,8.1,0.0,Low,Low,Yes
55,41.6,1,33.9,5.5,7.9,20.1,High,High,Yes
29,36.7,2,45.5,8.2,7.1,29.6,Low,Low,Yes
40,41.8,4,27.8,6.8,8.2,14.3,Medium,Low,No
58,36.9,2,28.5,5.6,7.0,0.0,Medium,Low,Yes
27,42.2,0,47.0,4.7,6.1,32.7,Low,High,No
47,46.1,5,20.2,10.0,6.8,32.6,Medium,Medium,Yes
55,36.6,3,21.8,6.7,5.8,38.7,Medium,High,No
27,43.8,2,16.1,8.2,4.7,17.4,High,Low,Yes
58,37.9,4,47.7,4.0,5.9,16.3,High,Medium,Yes
54,43.0,0,33.4,4.8,6.9,53.8,Medium,Medium,No
43,46.3,1,15.3,10.0,7.9,0.0,Medium,High,Yes
42,31.4,1,47.8,8.8,5.9,20.1,Low,Low,No
27,36.4,4,26.7,6.9,7.8,27.8,Medium,Low,Yes
27,40.2,0,21.9,5.2,5.6,37.1,Low,Low,Yes
25,43.6,3,32.1,5.5,5.9,28.4,Medium,High,No
51,41.2,2,57.2,4.6,8.2,6.6,Medium,Medium,No
32,41.8,0,29.1,3.7,6.8,48.4,Medium,Medium,Yes
51,52.2,1,43.6,7.8,6.6,25.0,Medium,Medium,No
52,35.9,4,45.9,7.1,7.0,0.0,High,High,No
45,47.7,4,41.6,7.5,5.6,29.2,Medium,High,No
30,40.3,2,54.1,5.3,6.5,34.5,High,Medium,Yes
24,44.7,4,24.4,6.5,6.8,64.2,Medium,Medium,Yes
52,52.6,4,19.3,5.1,8.0,33.2,Medium,Low,No
58,45.4,0,19.1,4.5,5.1,0.0,Medium,High,No
57,43.9,3,32.8,9.3,8.6,0.0,Low,Medium,No
45,50.0,2,20.8,6.2,6.7,50.2,High,Medium,Yes
52,47.6,0,37.2,7.0,5.7,8.9,Medium,Medium,Yes
27,38.0,3,36.2,7.7,5.5,0.0,High,High,No
23,43.5,0,50.3,6.3,7.1,45.0,Medium,Medium,Yes
41,33.4,5,39.4,6.5,5.5,15.5,High,Medium,Yes
49,39.3,0,28.8,3.8,6.2,43.9,Medium,High,Yes
32,43.6,4,41.2,4.2,6.6,6.7,Medium,Medium,No
25,39.0,3,19.5,4.1,7.9,54.5,Low,Low,Yes
36,43.4,2,34.4,7.2,7.8,42.4,Medium,High,No
27,41.9,2,39.8,6.1,6.2,10.5,Medium,High,No
51,44.7,3,36.9,4.2,6.6,0.0,Low,High,No
59,39.9,4,41.2,7.2,5.2,71.1,High,Medium,Yes
23,37.3,1,25.3,7.1,4.8,20.8,Medium,Medium,Yes
36,49.4,0,52.3,4.6,5.6,9.7,High,High,No
32,39.5,4,62.3,5.9,7.9,52.7,High,Medium,No
29,45.3,5,11.0,7.1,7.6,43.9,Medium,High,No
47,49.2,3,16.8,4.3,7.2,48.7,High,High,No
26,42.8,0,35.6,7.1,5.3,23.0,Medium,Medium,No
27,37.7,2,31.2,6.6,6.1,62.6,High,High,No
47,41.1,1,63.4,4.0,5.9,0.0,Medium,High,Yes
25,47.1,5,38.3,6.4,6.6,14.0,Medium,Low,Yes
40,43.0,2,55.9,6.7,6.6,32.8,Medium,Medium,Yes
41,36.0,3,4.3,4.7,5.8,48.4,Medium,Low,Yes
54,45.0,0,47.2,4.9,7.1,38.2,Medium,Medium,Yes
41,45.8,3,24.3,4.0,7.0,23.3,Medium,Low,Yes
33,40.2,0,24.0,5.1,6.1,15.5,Medium,Medium,No
22,45.1,4,31.3,6.0,7.1,48.5,High,High,Yes
47,43.2,1,13.6,4.9,7.9,40.3,Medium,High,Yes
35,41.0,4,41.6,3.0,8.2,7.5,Medium,Medium,No
59,35.5,4,37.9,4.6,7.3,6.9,Medium,Medium,Yes
58,47.4,3,39.0,5.2,7.3,14.1,Medium,Medium,Yes
32,45.8,1,48.3,7.6,6.6,11.5,High,High,Yes
57,44.9,0,57.7,7.2,7.8,45.6,Medium,Medium,No
34,49.7,0,29.5,7.7,5.7,33.7,Low,Medium,Yes
24,46.7,5,42.2,4.5,7.7,36.2,Medium,High,No
54,45.4,2,39.4,6.3,6.5,28.8,Medium,Medium,Yes
27,30.9,5,40.7,1.2,8.3,29.8,High,High,No
31,48.0,5,40.9,6.9,7.4,0.0,Medium,High,Yes
26,42.4,0,58.9,7.2,6.7,40.9,High,High,No
44,43.6,3,28.1,5.3,6.6,13.7,Medium,Medium,No
31,43.6,4,12.1,6.6,7.3,24.3,High,Medium,No
23,45.9,4,24.5,3.0,7.3,15.5,Low,High,No
34,47.6,4,46.4,4.4,6.4,27.9,High,Medium,Yes
23,45.2,1,35.3,7.5,6.9,36.5,High,Medium,No
41,44.4,0,28.0,7.0,7.7,4.8,High,Low,Yes
22,43.2,3,18.9,5.2,5.4,30.1,Low,Low,No
58,30.0,1,38.3,7.6,7.5,16.0,Low,Medium,Yes
30,40.6,2,44.7,6.3,7.3,51.4,Medium,Medium,Yes
38,37.3,3,39.6,5.0,8.0,2.7,Low,Medium,Yes
30,48.1,5,31.2,5.6,6.1,4.9,Low,Medium,Yes
32,45.1,3,37.2,5.1,6.8,17.8,Low,Medium,Yes
36,39.7,3,37.1,3.6,7.0,6.5,Medium,Medium,No
45,40.2,4,37.8,8.5,7.5,20.5,Medium,Medium,Yes
59,40.0,3,17.2,4.9,7.2,14.4,Low,Medium,Yes
56,39.9,5,38.0,4.3,5.6,26.8,Low,Medium,No
51,34.8,5,28.4,2.9,7.1,45.2,Medium,Low,Yes
52,33.7,0,50.6,1.0,8.8,26.4,Medium,Medium,No
26,42.1,3,37.0,7.4,7.4,28.2,Low,Medium,No
35,47.4,4,47.5,7.6,8.4,3.9,Medium,Medium,No
32,39.3,3,30.5,8.4,7.8,22.3,High,Medium,No
30,43.5,2,31.0,5.7,8.2,16.6,High,Medium,Yes
55,45.7,2,57.4,5.4,7.1,38.6,High,Low,Yes
33,37.0,4,41.5,5.0,7.3,9.7,High,High,Yes
56,41.9,0,24.3,5.2,7.1,7.8,Medium,Low,No
56,38.7,0,48.5,8.2,6.8,31.3,Medium,High,Yes
22,50.0,5,27.0,5.9,7.5,64.6,Medium,Medium,Yes
43,49.8,5,38.4,6.8,6.3,21.5,Medium,Medium,Yes
50,37.0,1,62.6,5.1,8.7,28.4,Medium,Medium,No
29,43.9,4,13.5,8.6,5.9,44.0,Medium,Low,Yes
32,47.3,3,32.4,2.2,7.6,35.2,Medium,Medium,No
58,46.2,4,41.1,3.6,8.2,35.3,Low,Low,Yes
35,42.4,1,46.5,6.8,6.6,23.1,Medium,Medium,Yes
51,48.5,5,16.4,9.5,5.7,23.5,Low,Medium,Yes
56,37.5,4,12.0,5.5,8.0,9.9,Low,High,No
42,40.5,4,51.4,4.3,7.0,34.7,Low,Low,No
58,37.6,5,24.2,8.0,7.6,34.3,Medium,High,Yes
26,45.9,1,23.6,6.6,6.7,39.3,Low,Medium,Yes
40,39.1,5,58.3,8.6,8.5,15.2,High,Low,No
35,41.1,0,36.0,3.4,4.7,41.6,Medium,Medium,Yes
47,45.1,3,36.1,8.4,7.2,47.7,Medium,Low,Yes
25,45.5,5,32.3,2.9,8.1,0.7,Medium,Low,Yes
46,37.5,1,16.6,5.4,6.9,19.1,Medium,Medium,Yes
46,47.3,2,45.1,6.8,7.1,48.5,Medium,Medium,Yes
39,44.3,0,41.1,6.4,6.4,12.0,Medium,High,Yes
29,36.6,2,37.5,8.1,6.8,35.6,Medium,Medium,Yes
35,35.4,5,33.3,2.3,5.1,25.2,High,High,No
53,41.9,0,30.6,6.3,6.1,31.6,High,High,Yes
59,46.3,3,48.7,8.4,6.0,25.8,Medium,High,No
54,46.4,5,32.9,6.1,7.5,39.9,Low,Medium,Yes
44,43.8,3,34.0,3.7,6.2,4.6,Medium,Low,No
36,42.2,4,42.9,8.0,6.3,6.7,Medium,Low,Yes
54,44.6,2,38.1,4.7,6.4,54.3,Medium,Medium,No
46,37.7,0,59.6,4.4,6.1,67.0,High,Medium,Yes
38,50.4,3,8.6,4.1,7.1,24.9,Medium,Low,No
54,50.4,1,39.5,5.6,7.2,59.3,High,Medium,Yes
23,44.1,3,24.4,6.4,7.6,9.6,Low,Low,Yes
35,43.0,1,20.9,3.5,7.5,14.4,Low,Medium,No
27,39.9,5,28.1,3.9,7.4,54.1,Low,Low,No
27,44.6,0,35.8,4.6,6.5,41.1,High,Medium,Yes
24,38.5,3,36.5,4.1,6.4,57.1,High,High,No
28,30.9,3,12.2,6.1,5.9,34.4,Medium,Low,Yes
29,30.0,0,26.9,6.7,5.9,4.7,Medium,Medium,Yes
36,38.0,3,39.2,6.4,7.0,29.5,Medium,High,No
50,42.8,1,21.8,6.5,6.1,49.0,High,Medium,Yes
54,43.7,3,18.3,9.3,8.3,22.3,High,Low,No
51,39.6,2,1.2,6.8,6.8,19.3,Medium,Medium,Yes
48,42.7,5,25.1,7.6,8.3,34.7,Medium,Medium,No
57,40.6,4,17.8,5.2,7.4,13.8,Low,Medium,Yes
50,37.0,1,20.2,7.9,6.0,30.9,Medium,Low,No
59,41.7,2,30.9,5.1,6.7,26.3,Medium,Medium,No
54,46.1,5,26.0,6.8,5.1,15.2,Low,Medium,Yes
58,37.2,0,17.5,3.3,7.0,44.6,High,High,No
48,37.2,1,3.3,6.3,6.1,37.9,Medium,Medium,Yes
54,36.7,4,39.5,4.0,5.7,17.9,High,High,No
25,32.3,5,46.3,7.9,8.3,24.7,Low,Medium,No
43,39.6,4,29.0,7.8,7.8,19.6,Medium,Medium,No
23,45.6,0,31.0,5.1,7.8,12.2,Medium,Medium,No
31,42.9,0,35.0,10.0,7.6,0.0,Low,Medium,Yes
26,41.2,1,58.7,5.4,5.6,15.3,Medium,Medium,Yes
31,42.6,3,11.5,2.8,6.4,12.5,Low,High,Yes
54,39.6,0,28.8,4.4,6.5,27.3,Low,Medium,No
59,32.3,5,9.2,3.9,5.1,33.8,Low,Medium,Yes
34,45.9,3,40.4,6.8,6.2,9.0,Low,Medium,No
52,47.4,2,32.8,3.5,6.3,32.5,Medium,High,Yes
57,38.4,4,38.0,4.9,6.9,5.9,Low,Medium,No
45,41.2,3,37.3,6.6,9.3,22.5,Medium,Medium,Yes
36,40.8,4,49.9,6.3,6.8,13.0,Medium,Medium,No
50,43.8,3,43.1,6.0,6.9,39.9,Medium,Medium,Yes
29,50.4,2,47.5,6.3,6.5,27.3,High,High,Yes
26,47.8,0,19.0,5.3,7.5,22.8,Medium,High,Yes
50,40.1,2,52.9,2.8,5.7,12.5,Medium,Medium,No
25,44.7,0,24.2,5.2,8.7,18.4,Low,Medium,Yes
33,48.3,0,25.0,6.9,6.7,61.6,Medium,High,No
23,44.0,4,39.1,5.7,6.4,15.0,High,Medium,Yes
48,42.0,5,39.5,6.8,7.8,34.6,Medium,High,No
52,44.2,2,18.9,4.8,5.9,22.7,Low,Low,Yes
57,38.5,3,32.4,8.0,7.5,34.0,Medium,Low,Yes
57,39.2,2,57.3,1.0,8.2,41.7,Medium,Low,Yes
47,36.7,4,13.0,6.3,6.6,17.9,Medium,Medium,Yes
48,43.5,0,57.3,8.7,8.9,39.2,Medium,High,Yes
26,41.3,4,31.4,9.0,7.4,80.1,Low,Low,No
41,37.9,1,0.0,5.5,7.5,36.4,High,Medium,No
32,41.2,1,14.5,3.3,8.2,57.3,Low,Medium,No
31,44.3,3,20.5,8.7,8.4,34.6,Low,Medium,Yes
59,51.6,4,25.6,5.9,7.1,6.4,Medium,Medium,Yes
27,47.1,3,33.4,5.7,7.6,30.5,Low,High,No
29,30.6,3,0.0,4.2,8.2,18.4,Low,Low,Yes
44,43.2,1,37.8,3.5,5.6,13.1,Low,High,No
47,49.1,3,19.2,7.1,5.1,23.5,Medium,Medium,Yes
33,35.3,1,55.9,7.3,6.7,21.9,High,Medium,No
47,44.8,0,30.9,6.4,5.0,3.8,High,High,Yes
34,40.8,4,49.1,4.5,6.5,79.2,Medium,Medium,No
39,47.8,3,51.7,3.9,7.1,41.2,Low,Low,Yes
46,44.0,1,51.2,3.1,6.5,29.9,Medium,Medium,No
54,37.6,2,26.5,4.9,6.7,26.8,Medium,Medium,Yes
33,41.0,3,26.3,4.0,5.8,49.0,Medium,Medium,No
57,41.3,5,31.6,2.6,7.6,66.5,Low,Medium,No
25,41.4,0,44.5,7.3,5.7,38.7,Low,Low,Yes
26,47.6,0,27.3,3.4,4.7,27.4,Medium,Medium,Yes
58,37.8,2,33.2,8.0,6.6,54.5,Medium,Low,Yes
29,47.0,1,39.1,6.8,7.7,27.8,High,High,Yes
49,40.5,3,21.4,6.6,6.9,33.7,Medium,Low,Yes
52,43.1,1,20.5,9.3,5.6,45.0,Low,Medium,Yes
30,42.4,0,32.6,3.4,6.9,17.3,Medium,Low,Yes
50,41.9,1,34.6,7.7,7.2,0.0,Medium,Low,No
35,41.9,0,41.5,5.4,6.9,16.3,Low,Medium,No
43,49.3,1,45.1,10.0,6.5,40.5,Low,Medium,Yes
32,46.2,2,18.5,5.2,7.3,39.1,Low,Low,No
44,40.2,4,22.8,4.9,5.1,51.9,Low,Low,No
22,49.9,2,20.4,6.9,5.9,17.1,Medium,Low,Yes
58,43.4,2,56.2,5.6,5.5,56.6,High,High,Yes
42,43.8,4,33.2,4.5,8.1,28.7,Medium,Medium,Yes
47,37.8,4,35.2,4.1,7.5,37.1,Medium,Low,No
57,39.5,3,35.9,8.9,7.0,43.1,Medium,Medium,No
44,38.6,3,24.3,3.7,5.3,0.0,Medium,Medium,Yes
22,42.4,2,58.5,6.4,7.5,4.9,Low,High,No
36,45.2,2,41.2,8.1,8.2,4.2,Medium,High,Yes
42,43.8,0,35.6,8.2,7.4,46.4,Medium,Medium,Yes
30,49.9,0,18.4,4.8,6.8,18.9,Low,Low,No
30,37.6,3,17.6,5.6,7.4,65.6,Medium,Low,No
31,42.6,5,30.4,5.2,7.1,25.1,Medium,High,Yes
47,35.6,5,24.5,2.9,7.7,0.0,Medium,High,No
56,37.4,3,19.0,7.1,7.7,11.6,Low,Medium,No
46,48.3,0,29.4,6.1,6.6,27.3,Medium,Medium,No
47,39.7,0,31.8,8.9,6.1,35.3,Medium,Medium,No
32,38.0,5,37.1,4.4,6.4,5.3,Low,Medium,Yes
59,31.4,1,27.4,8.2,7.3,36.4,Low,Medium,Yes
23,37.9,1,19.9,8.3,6.5,41.7,Medium,Medium,Yes
28,41.0,0,20.4,6.1,6.0,12.2,Low,Low,Yes
39,35.2,1,53.2,1.7,6.8,64.4,Medium,Medium,No
48,40.7,4,16.2,5.0,7.9,14.3,Medium,Medium,Yes
55,48.4,3,40.4,9.6,6.9,5.0,Low,Low,Yes
48,38.5,3,42.8,6.6,6.5,0.0,Low,Low,Yes
38,37.3,0,33.2,7.4,7.1,49.4,Medium,Medium,Yes
45,36.4,2,61.5,5.8,6.9,25.5,Low,High,No
46,36.3,5,42.5,5.6,4.9,15.4,Low,High,No
28,44.7,0,62.6,2.3,7.5,0.0,Medium,Low,Yes
27,42.2,1,25.2,7.6,7.2,17.2,Medium,Medium,No
45,46.8,5,25.5,8.2,6.8,72.6,Medium,Medium,No
54,52.1,2,42.9,4.1,7.9,0.0,Low,Medium,No
50,32.8,1,31.1,5.6,8.0,12.4,Medium,Medium,Yes
43,43.9,4,60.3,5.4,7.6,60.9,Medium,High,Yes
47,36.4,1,40.1,6.8,5.9,50.0,High,Medium,Yes
49,45.9,4,19.3,4.9,6.0,13.6,Medium,High,No
42,40.6,5,8.9,7.9,7.9,29.1,Low,High,No
28,42.1,4,33.8,6.1,4.9,34.3,Medium,High,Yes
38,35.6,5,33.7,1.0,6.7,27.7,Medium,Medium,Yes
41,39.9,5,39.7,6.9,7.2,60.7,Medium,Medium,Yes
41,42.4,5,53.2,8.0,5.0,31.8,High,Medium,Yes
43,48.8,5,51.2,3.7,7.0,47.7,Medium,Low,No
49,38.0,5,26.3,6.8,7.8,28.6,Low,Low,Yes
28,39.2,1,15.6,9.7,5.3,0.0,Medium,Medium,Yes
22,46.7,5,16.5,6.2,8.5,1.2,Low,Medium,No
53,37.7,1,23.9,8.3,5.8,5.3,Medium,High,No
34,47.7,5,29.5,5.1,7.4,20.0,Medium,Low,No
51,42.0,4,39.6,6.0,6.7,66.6,Medium,Low,Yes
44,43.5,5,23.0,5.6,6.9,32.2,Low,High,No
40,43.8,2,39.2,5.2,5.5,22.9,Medium,Medium,Yes
53,38.9,5,40.4,5.7,8.1,49.8,Medium,Low,No
